Author,PublishDate,Rating,ArticleText,CompanyName,CompanyDescription
,8 декабря в 09:30,6,"7 декабря состоялась церемония награждения лауреатов премии Рунета 2021 года. В этом году на премию было подано 1097 работ за вклад в развитие российского сегмента сети интернет в девять основных и четыре специальные номинации. Финалистами конкурса в каждой номинации стали по 10 организаций. 

Лауреатами премии Рунета 2021 стали 52 компании и 3 персоны. Причем раньше организаторы (Российская ассоциация электронных коммуникаций — РАЭК) награждали несколько лучших представителей в каждой из номинации, по мнению экспертного сообщества. В этом году они обратились к помощи искусственного интеллекта и добавили еще одного лауреата, который выбирался именно по мнению ИИ. 

Номинация «Государство и Общество», победители:


 Благотворительный фонд «Подари жизнь»;
 АНО «Диалог»;
 Правительство Москвы, проект Цифровая экосистема Москвы;
 ФНС России;
 Программа «Пушкинская карта» / АО «Почта Банк».

Номинация «СМИ и Массовые коммуникации»: 


 Телеканал 360;
 Медиахолдинг Independent Media;
 АО «Коммерсантъ».

Номинация “Образование и Кадры”:


 Правительство Москвы, проект “Московская электронная школа” (МЭШ);
 Проект программы “Сбер для детей и родителей” совместно с Rambler&Co;
 ООО “Цифровое образование”, проект ИКОП “Сферум”;
 Образовательная платформа “Нетология” (ООО “Нетология”);
 Компания Samsung Electronics.

Номинация «Наука, технологии и инновации»:


 Gett;
 Иннотех;
 Skillbox ;
 Промобот;
 SberDevices ;
 Билайн.

Номинация “Культурные проекты в Сети”:


 Общественное телевидение России;
 Проект “Путь героя” информационного агентства ТАСС и киностудии “Союзмультфильм”;
 Эмпатия Манучи (авторский канал Манучарова Вячеслава);
 Федеральное государственное бюджетное учреждение культуры «Всероссийское музейное объединение “Государственная Третьяковская галерея”.

Номинация “Игровая индустрия и киберспорт”:


 Федерация компьютерного спорта города Москвы — “Московский Киберспорт”;
 ESforce Holding;
 Cybersport.Metaratings;
 MetaMMA;
 Goose Gaming.

Номинация “Креативные индустрии”:


 Ассоциация профессиональных участников творческой экономики “Федерация креативных индустрий”;
 ООО “Гэллэри Сервис”;
 Vinci Agency;
 Проект по веб-инклюзии (Студия Артемия Лебедева).

Номинация “Здоровье и медицина”:


 Здоровье.ру;
 Проект „Здоровое Питание“ (Федеральная служба по надзору в сфере защиты прав потребителей и благополучия человека);
 Правительство Москвы, проект по использованию технологий компьютерного зрения на базе искусственного интеллекта (ИИ) для анализа медицинских изображений.

Номинация “Экономика и бизнес”:


 СберМаркет;
 Balance Platform;
 Московская биржа;
 Метарейтинг.

Номинация “За развитие среднего и малого бизнеса в Рунете”: 


 Портал для предпринимателей Smallbusiness.ru;
 ПАО „МТС“, проект “Знаем лично”;
 Банк ВТБ ПАО, проект интернет-банк.

Номинация “#СЧАСТЬЕЕСТЬ”: Автономная некоммерческая организация по развитию экологических, социальных и патриотических проектов „Сад Памяти“.

Номинация “Развитие внутреннего туризма”: 


 Проект Oh My Град;
 Россия: 85 приключений, проект онлайн-медиа Russia Beyond, входящее в телесеть RT;
 АНО “Проектный офис по развитию туризма и гостеприимства Москвы” Туристический сервис RUSSPASS;
 Комитет по туризму города Москвы, проект Discovermoscow.com.

Номинация “Открытые коммуникации”:


 Мэр Вологды — Сергей Воропанов;
 Правительство Тульской области;
 Федеральное агентство по туризму, портал Russia.travel.

Народном голосовании премии Рунета 2021 были выбраны такие лауреаты: 


 в номинации “КТО”: Дмитрий Спиридонов;
 в номинации “ЧТО”: Forza;
 в номинациилучший цифровой регион (номинация “Где”): город Москва.

Вдобавок за персональный многолетний вклад в развитие интернет-отрасли награду премия Рунета 2021 получил экс-глава Роспечати Михаил Сеславинский. 



В этом году Хабр также подавал заявку на участие в премии Рунета в номинации «Креативные индустрии». Заявлен был наш конкурс «Технотекст». Мы не стали лауреатами, но вошли сперва в шорт-лист, а затем и в число финалистов рядом с очень серьёзными соперниками. Описание заявки Хабра можно посмотреть на странице сайта конкурса.",,
,8 декабря в 09:30,6,"7 декабря состоялась церемония награждения лауреатов премии Рунета 2021 года. В этом году на премию было подано 1097 работ за вклад в развитие российского сегмента сети интернет в девять основных и четыре специальные номинации. Финалистами конкурса в каждой номинации стали по 10 организаций. 

Лауреатами премии Рунета 2021 стали 52 компании и 3 персоны. Причем раньше организаторы (Российская ассоциация электронных коммуникаций — РАЭК) награждали несколько лучших представителей в каждой из номинации, по мнению экспертного сообщества. В этом году они обратились к помощи искусственного интеллекта и добавили еще одного лауреата, который выбирался именно по мнению ИИ. 

Номинация «Государство и Общество», победители:


 Благотворительный фонд «Подари жизнь»;
 АНО «Диалог»;
 Правительство Москвы, проект Цифровая экосистема Москвы;
 ФНС России;
 Программа «Пушкинская карта» / АО «Почта Банк».

Номинация «СМИ и Массовые коммуникации»: 


 Телеканал 360;
 Медиахолдинг Independent Media;
 АО «Коммерсантъ».

Номинация “Образование и Кадры”:


 Правительство Москвы, проект “Московская электронная школа” (МЭШ);
 Проект программы “Сбер для детей и родителей” совместно с Rambler&Co;
 ООО “Цифровое образование”, проект ИКОП “Сферум”;
 Образовательная платформа “Нетология” (ООО “Нетология”);
 Компания Samsung Electronics.

Номинация «Наука, технологии и инновации»:


 Gett;
 Иннотех;
 Skillbox ;
 Промобот;
 SberDevices ;
 Билайн.

Номинация “Культурные проекты в Сети”:


 Общественное телевидение России;
 Проект “Путь героя” информационного агентства ТАСС и киностудии “Союзмультфильм”;
 Эмпатия Манучи (авторский канал Манучарова Вячеслава);
 Федеральное государственное бюджетное учреждение культуры «Всероссийское музейное объединение “Государственная Третьяковская галерея”.

Номинация “Игровая индустрия и киберспорт”:


 Федерация компьютерного спорта города Москвы — “Московский Киберспорт”;
 ESforce Holding;
 Cybersport.Metaratings;
 MetaMMA;
 Goose Gaming.

Номинация “Креативные индустрии”:


 Ассоциация профессиональных участников творческой экономики “Федерация креативных индустрий”;
 ООО “Гэллэри Сервис”;
 Vinci Agency;
 Проект по веб-инклюзии (Студия Артемия Лебедева).

Номинация “Здоровье и медицина”:


 Здоровье.ру;
 Проект „Здоровое Питание“ (Федеральная служба по надзору в сфере защиты прав потребителей и благополучия человека);
 Правительство Москвы, проект по использованию технологий компьютерного зрения на базе искусственного интеллекта (ИИ) для анализа медицинских изображений.

Номинация “Экономика и бизнес”:


 СберМаркет;
 Balance Platform;
 Московская биржа;
 Метарейтинг.

Номинация “За развитие среднего и малого бизнеса в Рунете”: 


 Портал для предпринимателей Smallbusiness.ru;
 ПАО „МТС“, проект “Знаем лично”;
 Банк ВТБ ПАО, проект интернет-банк.

Номинация “#СЧАСТЬЕЕСТЬ”: Автономная некоммерческая организация по развитию экологических, социальных и патриотических проектов „Сад Памяти“.

Номинация “Развитие внутреннего туризма”: 


 Проект Oh My Град;
 Россия: 85 приключений, проект онлайн-медиа Russia Beyond, входящее в телесеть RT;
 АНО “Проектный офис по развитию туризма и гостеприимства Москвы” Туристический сервис RUSSPASS;
 Комитет по туризму города Москвы, проект Discovermoscow.com.

Номинация “Открытые коммуникации”:


 Мэр Вологды — Сергей Воропанов;
 Правительство Тульской области;
 Федеральное агентство по туризму, портал Russia.travel.

Народном голосовании премии Рунета 2021 были выбраны такие лауреаты: 


 в номинации “КТО”: Дмитрий Спиридонов;
 в номинации “ЧТО”: Forza;
 в номинациилучший цифровой регион (номинация “Где”): город Москва.

Вдобавок за персональный многолетний вклад в развитие интернет-отрасли награду премия Рунета 2021 получил экс-глава Роспечати Михаил Сеславинский. 



В этом году Хабр также подавал заявку на участие в премии Рунета в номинации «Креативные индустрии». Заявлен был наш конкурс «Технотекст». Мы не стали лауреатами, но вошли сперва в шорт-лист, а затем и в число финалистов рядом с очень серьёзными соперниками. Описание заявки Хабра можно посмотреть на странице сайта конкурса.",,
,29 марта в 10:55,7,"Минтранс предлагает новую версию законопроекта «Об организации перевозок пассажиров и багажа легковым такси в РФ и о внесении изменений в отдельные законодательные акты РФ». Ведомство предлагает обязать службы заказа легкового такси предоставить «автоматизированный удаленный доступ» к своим информационным системам и данным Федеральной службе безопасности. Под это требование должны попасть данные, «используемые для получения, хранения, обработки и передачи заказов легкового такси».Кроме того, от агрегаторов потребуют передавать сведения о перевозках, в том числе о местоположении такси и водителя, в Региональную навигационно-информационную систему (РНИС; платформа по управлению и мониторингу транспортной инфраструктуры в российских регионах).Законопроект уже согласовали Минюст, Ространснадзор, Минтруд, Минфин, Минэкономразвития, Минпромторг, ФНС и Минздрав.В Минюсте подтвердили, что документ находился на рассмотрении у ведомства, а «заключение по результатам проведения его правовой и антикоррупционной экспертизы было направлено в Минтранс». Также Минтранс предлагает:ввести минимальный тариф на перевозку пассажиров и багажа,ограничить количество легковых такси для каждого региона,обязать устанавливать устройства контроля за вниманием и усталостью водителя,ввести ответственность агрегаторов в случае причинения вреда жизни, здоровью или имуществу пассажира, если у водителя не было разрешения или оно было аннулировано,ввести региональные реестры перевозчиков, легковых такси и служб заказа легковых такси,обязать агрегаторы открывать представительства в регионах присутствия, заключать договор с самозанятыми и др.Авторы документа указывают, что вопросы оказания услуг по перевозке грузов, пассажиров и багажа самозанятыми гражданами без образования юрлица или регистрации в качестве ИП в законодательстве не урегулированы. В «Ситимобиле» отмечают, что новый законопроект «во многом повторяет отклоненные ранее редакции, в том числе получившие негативные отзывы участников рынка». «Мы надеемся, что новая редакция законопроекта не будет вводить ограничительные и затратные меры для участников отрасли, которые будет сложно выполнить в текущих экономических условиях. Мы считаем важным найти компромиссный вариант регулирования, который позволит обеспечить безопасность поездок, но при этом не приведет к резкому “сжатию” сферы такси», — заявляет компания. Агрегатор отмечает, что сейчас он не хранит данные о поездках пользователей.Председатель Общественного совета по развитию такси в регионах России Ирина Зарипова считает, что регулирование рынка такси необходимо, но с учетом текущей экономической ситуации принятие законопроекта лучше было бы отложить до осени. В марте «Ситимобил» объявил, что прекращает деятельность в России. Руководство компании рассказало, что акционеры решили прекратить развитие проекта, так как он не стал прибыльным даже при доле рынка в 30%.Агрегатор Gett также принял решение о реорганизации российского подразделения.В феврале китайский агрегатор такси DiDi заявил, что уйдет с российского и казахского рынков. В середине лета 2021 года Ассоциация «Национальный совет такси» пожаловалась Путину, заявив, что приложение агрегатора имеет доступ к личным данным чиновников и правоохранителей, которые пользуются услугами DiDi.  Между тем в Латвии остановили работу сервиса «Яндекс.Такси», а также заблокировали мобильное приложение «Яндекс Go» за передачу и хранение данных пользователей на серверах в России.",,
,8 декабря в 09:30,6,"7 декабря состоялась церемония награждения лауреатов премии Рунета 2021 года. В этом году на премию было подано 1097 работ за вклад в развитие российского сегмента сети интернет в девять основных и четыре специальные номинации. Финалистами конкурса в каждой номинации стали по 10 организаций. 

Лауреатами премии Рунета 2021 стали 52 компании и 3 персоны. Причем раньше организаторы (Российская ассоциация электронных коммуникаций — РАЭК) награждали несколько лучших представителей в каждой из номинации, по мнению экспертного сообщества. В этом году они обратились к помощи искусственного интеллекта и добавили еще одного лауреата, который выбирался именно по мнению ИИ. 

Номинация «Государство и Общество», победители:


 Благотворительный фонд «Подари жизнь»;
 АНО «Диалог»;
 Правительство Москвы, проект Цифровая экосистема Москвы;
 ФНС России;
 Программа «Пушкинская карта» / АО «Почта Банк».

Номинация «СМИ и Массовые коммуникации»: 


 Телеканал 360;
 Медиахолдинг Independent Media;
 АО «Коммерсантъ».

Номинация “Образование и Кадры”:


 Правительство Москвы, проект “Московская электронная школа” (МЭШ);
 Проект программы “Сбер для детей и родителей” совместно с Rambler&Co;
 ООО “Цифровое образование”, проект ИКОП “Сферум”;
 Образовательная платформа “Нетология” (ООО “Нетология”);
 Компания Samsung Electronics.

Номинация «Наука, технологии и инновации»:


 Gett;
 Иннотех;
 Skillbox ;
 Промобот;
 SberDevices ;
 Билайн.

Номинация “Культурные проекты в Сети”:


 Общественное телевидение России;
 Проект “Путь героя” информационного агентства ТАСС и киностудии “Союзмультфильм”;
 Эмпатия Манучи (авторский канал Манучарова Вячеслава);
 Федеральное государственное бюджетное учреждение культуры «Всероссийское музейное объединение “Государственная Третьяковская галерея”.

Номинация “Игровая индустрия и киберспорт”:


 Федерация компьютерного спорта города Москвы — “Московский Киберспорт”;
 ESforce Holding;
 Cybersport.Metaratings;
 MetaMMA;
 Goose Gaming.

Номинация “Креативные индустрии”:


 Ассоциация профессиональных участников творческой экономики “Федерация креативных индустрий”;
 ООО “Гэллэри Сервис”;
 Vinci Agency;
 Проект по веб-инклюзии (Студия Артемия Лебедева).

Номинация “Здоровье и медицина”:


 Здоровье.ру;
 Проект „Здоровое Питание“ (Федеральная служба по надзору в сфере защиты прав потребителей и благополучия человека);
 Правительство Москвы, проект по использованию технологий компьютерного зрения на базе искусственного интеллекта (ИИ) для анализа медицинских изображений.

Номинация “Экономика и бизнес”:


 СберМаркет;
 Balance Platform;
 Московская биржа;
 Метарейтинг.

Номинация “За развитие среднего и малого бизнеса в Рунете”: 


 Портал для предпринимателей Smallbusiness.ru;
 ПАО „МТС“, проект “Знаем лично”;
 Банк ВТБ ПАО, проект интернет-банк.

Номинация “#СЧАСТЬЕЕСТЬ”: Автономная некоммерческая организация по развитию экологических, социальных и патриотических проектов „Сад Памяти“.

Номинация “Развитие внутреннего туризма”: 


 Проект Oh My Град;
 Россия: 85 приключений, проект онлайн-медиа Russia Beyond, входящее в телесеть RT;
 АНО “Проектный офис по развитию туризма и гостеприимства Москвы” Туристический сервис RUSSPASS;
 Комитет по туризму города Москвы, проект Discovermoscow.com.

Номинация “Открытые коммуникации”:


 Мэр Вологды — Сергей Воропанов;
 Правительство Тульской области;
 Федеральное агентство по туризму, портал Russia.travel.

Народном голосовании премии Рунета 2021 были выбраны такие лауреаты: 


 в номинации “КТО”: Дмитрий Спиридонов;
 в номинации “ЧТО”: Forza;
 в номинациилучший цифровой регион (номинация “Где”): город Москва.

Вдобавок за персональный многолетний вклад в развитие интернет-отрасли награду премия Рунета 2021 получил экс-глава Роспечати Михаил Сеславинский. 



В этом году Хабр также подавал заявку на участие в премии Рунета в номинации «Креативные индустрии». Заявлен был наш конкурс «Технотекст». Мы не стали лауреатами, но вошли сперва в шорт-лист, а затем и в число финалистов рядом с очень серьёзными соперниками. Описание заявки Хабра можно посмотреть на странице сайта конкурса.",,
,29 марта в 17:20,16,"Сравниваем традиционный способ извлечения значений и деструктуризацию (ES6) в JavaScriptВ этой статье мы рассмотрим традиционное присваивание значений из объектов в переменные и новый синтаксис деструктуризации в ES6. Материал адаптирован на русский язык совместно с тимлидом группы frontend-разработки в Skillbox Иваном Казанцевым.Деструктуризация — это синтаксис, который позволяет распаковывать значения из массивов или свойства из объектов в переменные.Что нам это дает? Возможность писать более чистый и понятный код, экономя время и количество строк.Деструктуризация объектовСначала рассмотрим деструктуризацию объектов. И для примера возьмем объект - клиент (customer).const customer = {
  name: 'Sherlock',
  email: 's.h.@gmail.com',
  age: 34,
  address: {
    streetNo: '221b Baker Street',
    city: 'London',
    country: 'UK'
  }
}Базовое присвоение переменнойЕсли бы нам нужно было достать из него name и email, привычным способом мы бы сделали так:const name = customer.name;
const email = customer['email']; // или так

console.log(name); // Sherlock
console.log(email); // s.h@gmaill.comС помощью деструктуризации мы можем делать так:const { name, email } = customer;

console.log(name); // Sherlock
console.log(email); // s.h@gmaill.comКак минимум, мы уже не пишем два раза customer и чувствуем себя чуть-чуть лучше, так как можем добавить в резюме что-то про DRY.Но если мы хотим записать customer.name в переменную с другим именем, выходит, снова нужен традиционный способ? Нет, это мы тоже можем сделать:const { name: customerName, email } = customer;

// обратите внимание, имя свойства из объекта customer находится слева
console.log(customerName); // SherlockПрисвоение значений объявленным переменнымЕсли мы хотим присвоить значения уже существующим переменным, делаем почти тоже самое, но добавляем ().let name, email;

({ name, email } = customer);

console.log(name);
console.log(email);Почему мы добавляем ()?{ в левой части считается блоком, а не литералом объекта. Если опустите (), вы получите сообщение об ошибке:{ name, email } = customer;
            	^SyntaxError: Unexpected token '='Вложенные объектыИтак, мы поняли, что это удобно, можем усложнять. Если хотим получить доступ к свойствам city и country, в традиционном способе нам нужно использовать цепочку обращений:const name = customer.name;
const streetNo = customer.address.streetNo;
const city = customer['address']['city']; // или так

console.log(name); // Sherlock
console.log(streetNo); // 221b Baker Street
console.log(city); // LondonМы можем сделать то же самое, но короче, используя деструктуризацию:const { name, address: { streetNo, city } } = customer;

console.log(name); // Sherlock
console.log(streetNo); // 221b Baker Street
console.log(city); // UKВозможно, выглядит сложнее, но это дело привычки. И да, мы все еще можем записать свойства streetNo и city в переменные с другим названием.Значение по умолчаниюИдем дальше. Теперь перед нами стоит задача: добавить married (женат/замужем) нашему объекту customer. Возможные варианты ответа: “да” (yes) или “нет” (no). В случае, если не указан, присвоить значение “нет ответа” (N/A).Без деструктуризации мы бы сделали так:let married = customer.married;

console.log(married); // undefined

if (!married) {
  married = 'N/A';
}
console.log(married); // N/AНо с деструктуризацией мы можем объявлять значения по умолчанию, тем самым избавиться от условия. Фантастика?const { name, married = 'N/A' } = customer;

console.log(name); // Sherlock
console.log(married); // N/AОстаточные параметры объектаПредставим, что нам нужно достать только name ( например, чтобы присвоить ему значение по умолчанию), а все остальное записать “как есть” в другую переменную.const { name = 'Спрятался в коробке', ...rest } = customer;

console.log(name); // Sherlock
console.log(rest);
// {
//  email: 's.h@gmaill.com',
//  age: null,
//  address: { streetNo: '221b Baker Street', city: 'London', country: 'UK' }
// }Обратите внимание, вместо rest вы можете использовать любое другое название переменной, просто не забудьте поставить ... и расположить это в конце.Деструктуризация nullСтоит иметь ввиду, чтоnull деструктурировать нельзя, мы получим ошибку:function getCustomer() {
return null;
}

let { name, email } = getCustomer();
// TypeError: Cannot destructure property name of 'undefined' or 'null'.Поэтому мы должны обрабатывать такие случаи, например, так:let { name = 'Спрятался в коробке', email = null } = getCustomer() || {};

console.log(name, email); // Спрятался в коробке nullДеструктуризация аргументов функцииПопробуем использовать деструктуризацию для упрощения работы с аргументами функции? Давайте представим, что нам нужна функция, которая выводит в консоль имя и город клиента.Как бы мы сделали ранее:let display = (customer) => console.log(`${customer.name} ${customer.address.city}`);

display(customer); // Sherlock LondonКак мы сделаем теперь:let display = ( { name, address: { city } } ) => console.log(`${name} ${city}`);  

display(customer); // Sherlock LondonДеструктуризация массивовДа, это работает и с массивами.  Для примера нам понадобится пакет с фруктами.const fruits = ['Banana', 'Orange', 'Apple', 'Mango'];Базовая деструктуризация массиваЕсли бы нам нужно было достать банан и апельсин, ранее мы бы сделали следующее:let firstFruit = fruits[0];
let secondFruit = fruits[1];

console.log(firstFruit); // Banana
console.log(secondFruit); // OrangeНо не сегодня, сегодня мы познакомились с деструктуризацией!let [firstFruit, secondFruit, thirdFruit] = fruits;

console.log(firstFruit); // Banana
console.log(secondFruit); // Orange
console.log(thirdFruit); // Apple (да, мы можем позволить себе и третий фрукт, потому что мы молодцы)Пропуск пунктовВ объектах мы могли доставать любые значения свойств по имени и записывать их в переменные. А что, если мы хотим достать только первый и третий фрукт из массива? Нам просто нужно добавить лишнюю запятую.let [firstFruit, , thirdFruit] = fruits;Да-да, мы не указываем название переменной, и второй элемент пропускается.Остаточные параметры массиваИ в массивах мы тоже можем использовать остаточные параметры. Например, мы хотим достать первый фрукт себе, второй оставить в пакете, а все остальное отдать друзьям:let [yourFav, , ...friendsFav] = fruits;

console.log(yourFav); // Banana
console.log(friendsFav); // [ 'Apple', 'Mango' ]Замена значенийИ в конце — фокус. Сейчас мы поменяем местами первый и второй фрукт, не объявляя для этого новую переменную.let [firstFruit, secondFruit] = fruits;

console.log(firstFruit); // Banana
console.log(secondFruit); // Orange

[firstFruit, secondFruit] = [secondFruit, firstFruit]

console.log(firstFruit); // Orange
console.log(secondFruit); // BananaЛовкость деструктуризации и никакого мошенничества.Ну а на сегодня все. Надеюсь, после этой статьи вам удастся упростить свой код и сделать его более читаемым.",,
,8 декабря в 09:30,6,"7 декабря состоялась церемония награждения лауреатов премии Рунета 2021 года. В этом году на премию было подано 1097 работ за вклад в развитие российского сегмента сети интернет в девять основных и четыре специальные номинации. Финалистами конкурса в каждой номинации стали по 10 организаций. 

Лауреатами премии Рунета 2021 стали 52 компании и 3 персоны. Причем раньше организаторы (Российская ассоциация электронных коммуникаций — РАЭК) награждали несколько лучших представителей в каждой из номинации, по мнению экспертного сообщества. В этом году они обратились к помощи искусственного интеллекта и добавили еще одного лауреата, который выбирался именно по мнению ИИ. 

Номинация «Государство и Общество», победители:


 Благотворительный фонд «Подари жизнь»;
 АНО «Диалог»;
 Правительство Москвы, проект Цифровая экосистема Москвы;
 ФНС России;
 Программа «Пушкинская карта» / АО «Почта Банк».

Номинация «СМИ и Массовые коммуникации»: 


 Телеканал 360;
 Медиахолдинг Independent Media;
 АО «Коммерсантъ».

Номинация “Образование и Кадры”:


 Правительство Москвы, проект “Московская электронная школа” (МЭШ);
 Проект программы “Сбер для детей и родителей” совместно с Rambler&Co;
 ООО “Цифровое образование”, проект ИКОП “Сферум”;
 Образовательная платформа “Нетология” (ООО “Нетология”);
 Компания Samsung Electronics.

Номинация «Наука, технологии и инновации»:


 Gett;
 Иннотех;
 Skillbox ;
 Промобот;
 SberDevices ;
 Билайн.

Номинация “Культурные проекты в Сети”:


 Общественное телевидение России;
 Проект “Путь героя” информационного агентства ТАСС и киностудии “Союзмультфильм”;
 Эмпатия Манучи (авторский канал Манучарова Вячеслава);
 Федеральное государственное бюджетное учреждение культуры «Всероссийское музейное объединение “Государственная Третьяковская галерея”.

Номинация “Игровая индустрия и киберспорт”:


 Федерация компьютерного спорта города Москвы — “Московский Киберспорт”;
 ESforce Holding;
 Cybersport.Metaratings;
 MetaMMA;
 Goose Gaming.

Номинация “Креативные индустрии”:


 Ассоциация профессиональных участников творческой экономики “Федерация креативных индустрий”;
 ООО “Гэллэри Сервис”;
 Vinci Agency;
 Проект по веб-инклюзии (Студия Артемия Лебедева).

Номинация “Здоровье и медицина”:


 Здоровье.ру;
 Проект „Здоровое Питание“ (Федеральная служба по надзору в сфере защиты прав потребителей и благополучия человека);
 Правительство Москвы, проект по использованию технологий компьютерного зрения на базе искусственного интеллекта (ИИ) для анализа медицинских изображений.

Номинация “Экономика и бизнес”:


 СберМаркет;
 Balance Platform;
 Московская биржа;
 Метарейтинг.

Номинация “За развитие среднего и малого бизнеса в Рунете”: 


 Портал для предпринимателей Smallbusiness.ru;
 ПАО „МТС“, проект “Знаем лично”;
 Банк ВТБ ПАО, проект интернет-банк.

Номинация “#СЧАСТЬЕЕСТЬ”: Автономная некоммерческая организация по развитию экологических, социальных и патриотических проектов „Сад Памяти“.

Номинация “Развитие внутреннего туризма”: 


 Проект Oh My Град;
 Россия: 85 приключений, проект онлайн-медиа Russia Beyond, входящее в телесеть RT;
 АНО “Проектный офис по развитию туризма и гостеприимства Москвы” Туристический сервис RUSSPASS;
 Комитет по туризму города Москвы, проект Discovermoscow.com.

Номинация “Открытые коммуникации”:


 Мэр Вологды — Сергей Воропанов;
 Правительство Тульской области;
 Федеральное агентство по туризму, портал Russia.travel.

Народном голосовании премии Рунета 2021 были выбраны такие лауреаты: 


 в номинации “КТО”: Дмитрий Спиридонов;
 в номинации “ЧТО”: Forza;
 в номинациилучший цифровой регион (номинация “Где”): город Москва.

Вдобавок за персональный многолетний вклад в развитие интернет-отрасли награду премия Рунета 2021 получил экс-глава Роспечати Михаил Сеславинский. 



В этом году Хабр также подавал заявку на участие в премии Рунета в номинации «Креативные индустрии». Заявлен был наш конкурс «Технотекст». Мы не стали лауреатами, но вошли сперва в шорт-лист, а затем и в число финалистов рядом с очень серьёзными соперниками. Описание заявки Хабра можно посмотреть на странице сайта конкурса.",,
,8 декабря в 09:30,6,"7 декабря состоялась церемония награждения лауреатов премии Рунета 2021 года. В этом году на премию было подано 1097 работ за вклад в развитие российского сегмента сети интернет в девять основных и четыре специальные номинации. Финалистами конкурса в каждой номинации стали по 10 организаций. 

Лауреатами премии Рунета 2021 стали 52 компании и 3 персоны. Причем раньше организаторы (Российская ассоциация электронных коммуникаций — РАЭК) награждали несколько лучших представителей в каждой из номинации, по мнению экспертного сообщества. В этом году они обратились к помощи искусственного интеллекта и добавили еще одного лауреата, который выбирался именно по мнению ИИ. 

Номинация «Государство и Общество», победители:


 Благотворительный фонд «Подари жизнь»;
 АНО «Диалог»;
 Правительство Москвы, проект Цифровая экосистема Москвы;
 ФНС России;
 Программа «Пушкинская карта» / АО «Почта Банк».

Номинация «СМИ и Массовые коммуникации»: 


 Телеканал 360;
 Медиахолдинг Independent Media;
 АО «Коммерсантъ».

Номинация “Образование и Кадры”:


 Правительство Москвы, проект “Московская электронная школа” (МЭШ);
 Проект программы “Сбер для детей и родителей” совместно с Rambler&Co;
 ООО “Цифровое образование”, проект ИКОП “Сферум”;
 Образовательная платформа “Нетология” (ООО “Нетология”);
 Компания Samsung Electronics.

Номинация «Наука, технологии и инновации»:


 Gett;
 Иннотех;
 Skillbox ;
 Промобот;
 SberDevices ;
 Билайн.

Номинация “Культурные проекты в Сети”:


 Общественное телевидение России;
 Проект “Путь героя” информационного агентства ТАСС и киностудии “Союзмультфильм”;
 Эмпатия Манучи (авторский канал Манучарова Вячеслава);
 Федеральное государственное бюджетное учреждение культуры «Всероссийское музейное объединение “Государственная Третьяковская галерея”.

Номинация “Игровая индустрия и киберспорт”:


 Федерация компьютерного спорта города Москвы — “Московский Киберспорт”;
 ESforce Holding;
 Cybersport.Metaratings;
 MetaMMA;
 Goose Gaming.

Номинация “Креативные индустрии”:


 Ассоциация профессиональных участников творческой экономики “Федерация креативных индустрий”;
 ООО “Гэллэри Сервис”;
 Vinci Agency;
 Проект по веб-инклюзии (Студия Артемия Лебедева).

Номинация “Здоровье и медицина”:


 Здоровье.ру;
 Проект „Здоровое Питание“ (Федеральная служба по надзору в сфере защиты прав потребителей и благополучия человека);
 Правительство Москвы, проект по использованию технологий компьютерного зрения на базе искусственного интеллекта (ИИ) для анализа медицинских изображений.

Номинация “Экономика и бизнес”:


 СберМаркет;
 Balance Platform;
 Московская биржа;
 Метарейтинг.

Номинация “За развитие среднего и малого бизнеса в Рунете”: 


 Портал для предпринимателей Smallbusiness.ru;
 ПАО „МТС“, проект “Знаем лично”;
 Банк ВТБ ПАО, проект интернет-банк.

Номинация “#СЧАСТЬЕЕСТЬ”: Автономная некоммерческая организация по развитию экологических, социальных и патриотических проектов „Сад Памяти“.

Номинация “Развитие внутреннего туризма”: 


 Проект Oh My Град;
 Россия: 85 приключений, проект онлайн-медиа Russia Beyond, входящее в телесеть RT;
 АНО “Проектный офис по развитию туризма и гостеприимства Москвы” Туристический сервис RUSSPASS;
 Комитет по туризму города Москвы, проект Discovermoscow.com.

Номинация “Открытые коммуникации”:


 Мэр Вологды — Сергей Воропанов;
 Правительство Тульской области;
 Федеральное агентство по туризму, портал Russia.travel.

Народном голосовании премии Рунета 2021 были выбраны такие лауреаты: 


 в номинации “КТО”: Дмитрий Спиридонов;
 в номинации “ЧТО”: Forza;
 в номинациилучший цифровой регион (номинация “Где”): город Москва.

Вдобавок за персональный многолетний вклад в развитие интернет-отрасли награду премия Рунета 2021 получил экс-глава Роспечати Михаил Сеславинский. 



В этом году Хабр также подавал заявку на участие в премии Рунета в номинации «Креативные индустрии». Заявлен был наш конкурс «Технотекст». Мы не стали лауреатами, но вошли сперва в шорт-лист, а затем и в число финалистов рядом с очень серьёзными соперниками. Описание заявки Хабра можно посмотреть на странице сайта конкурса.",,
,сегодня в в 11:22,3,"Недавно компания 🤗 Hugging Face (стартап, стоящий за библиотекой transformers) выпустила новый продукт под названием ""Infinity"". Он описывается как сервер для выхода в “production”. Публичная демонстрация доступна на YouTube (ниже приведены скриншоты с таймингами и настройками, использованными во время демонстрации). Все основано на обещании, что продукт может выполнять работу с NLP с задержкой в 1 миллисекунду на графическом процессоре. По словам ведущего демонстрации, сервер Hugging Face Infinity стоит не менее 20.000$ в год за одну модель, развернутую на одной машине (общедоступная информация о ценовой масштабируемости отсутствует).Мне стало любопытно немного покопаться и проверить, возможно ли достичь таких показателей? Спойлер: да, возможно, и с помощью этой статьи его легко воспроизвести и адаптировать к вашим РЕАЛЬНЫМ проектам.А для тех, кому лень все это читать и хочется все получить из коробки... Ссылка на GitHub. Поставьте зведу сразу, а потом читайте 🤗ВведениеДля начала разберемся в чем проблема обычных Pytorch моделей и почему мы вдруг решили их ускорить. Рассмотрим на примере zero-shot-classification. Самая популярная модель facebook/bart-large-mnli выполняет один запрос за более чем 1 секунду. А большие текста даже за 3.5 секунды. Можете сами потыкать по ссылке. В так называемом продакшене такая скорость ответа не самая желаемая.Вы, наверное, знаете, что главным преимуществом Pytorch по сравнению с Tensorflow 1.X является простота использования: вместо построения графа вы просто пишете знакомый императивный код. Такое ощущение, что вы пишете numpy-код, работающий на скорости графического процессора.Делать пользователей счастливыми - это здорово, но что еще более удивительно, так это делать счастливыми инструменты оптимизации. В отличие от людей, эти инструменты любят графы для выполнения анализа. Это имеет смысл, графы обеспечивают статическое и полное представление всего процесса, от точки данных до выходных данных модели. Более того, графы обеспечивает промежуточное представление, которое может быть общим для нескольких фреймворков машинного обучения.Нам нужен способ преобразовать наш Pytorch-код в граф для ускорения.Так как же нам ускорить наши модельки?Решение есть! Это ONNX.Процесс состоит из 3 этапов:Преобразование модели Pytorch в ONNX граф.Оптимизирание графа.Использование привычных и приятных пайплайнов в проде.Из Pytorch в ONNXЧто же это за магический ONNX? ONNX - это открытый формат, созданный для представления моделей машинного обучения. ONNX определяет общий набор операторов — строительных блоков моделей машинного обучения и глубокого обучения — и общий формат файлов, позволяющий разработчикам искусственного интеллекта использовать модели с различными фреймворками, инструментами, средами выполнения и компиляторами.-- Переведено напрямую из https://onnx.ai/Pytorch включает в себя инструмент экспорта в ONNX. Принцип, лежащий в основе инструмента экспорта, довольно прост, мы будем использовать режим “трассировки”: мы отправляем некоторые (фиктивные) данные в модель, и инструмент будет отслеживать их внутри модели, таким образом, он будет угадывать, как выглядит график.Звучит как-то старшно и сложно? Я тоже как думаю :) На первых этапах я делел это напрямую ручками, но это было слишком больно и неприятно. Если вы хотите понять как это работает, то для начала рекомендую к прочтению: ссылка, ссылка, ссылка.Все мы любим тулзы из коробки, поэтому встречайте - Optimum. Эта библиотека без лишних проблем переведет любой (почти) трансформер в ONNX граф.Давайте немного ее потыкаем для понимания. Тут есть небольшие спойлеры к оптимизации нашего графа, но вы сделайте вид, что вы ничего не видели:from optimum.onnxruntime import ORTConfig, ORTQuantizer

# The model we wish to quantize
model_ckpt = ""philschmid/MiniLM-L6-H384-uncased-sst2""
# The type of quantization to apply
ort_config = ORTConfig(quantization_approach=""dynamic"")
quantizer = ORTQuantizer(ort_config)
# Export ONNX graph
quantizer.export(model_ckpt, output_path=""model.onnx"", feature=""sequence-classification"")🥳 Вот мы за пару строк кода экспортировали Pytorch модель в ONNX граф. Теперь можем приступить к оптимизации!ОптимизацияТут уже попроще. Но перед тем как написать одну строку кода... Давайте посмотрим как происходит оптимизация.Мы сосредоточимся на 2 инструментах для оптимизации моделей Pytorch: ONNX Runtime от Microsoft (с открытым исходным кодом по лицензии MIT) и TensorRT от Nvidia (с открытым исходным кодом по лицензии Apache 2, механизм оптимизации с закрытым исходным кодом).Для оптимизации моделей Pytorch есть 2 основных инструмента: ONNX Runtime от Microsoft (с открытым исходным кодом по лицензии MIT) и TensorRT от Nvidia (с открытым исходным кодом по лицензии Apache 2, механизм оптимизации с закрытым исходным кодом).Оба инструмента выполняют одинаковые операции для оптимизации модели ONNX:находят и удаляют избыточные операции: например, отсев бесполезен вне цикла обучения, его можно удалить без какого-либо влияния на вывод;выполниют постоянное сворачивание: это означает найти некоторые части графика, состоящие из постоянных выражений, и вычислить результаты во время компиляции, а не во время выполнения (аналогично компилятору большинства языков программирования);объединяют некоторые операции вместе: чтобы избежать времени загрузки и совместного использования памяти, чтобы избежать передачи данных туда и обратно с глобальной памятью.Опять много умного текста на пиксель вашего экрана. Поэтому переходим к очередному коробочному решению. И это снова Optimum.Давайте переделаем наш прошлых код:from optimum.onnxruntime import ORTConfig, ORTQuantizer

# The model we wish to quantize
model_ckpt = ""philschmid/MiniLM-L6-H384-uncased-sst2""
# The type of quantization to apply
ort_config = ORTConfig(quantization_approach=""dynamic"")
quantizer = ORTQuantizer(ort_config)
# Quantize the model!
quantizer.fit(model_ckpt,
              output_dir=""."",
              feature=""sequence-classification""
             )Такс, вот мы заменили одну строчку. А что поменялось? Почти все!Теперь на выходе мы имеем 3 модели: простой ONNX граф (model.onnx), оптимизированный граф (model-opt.onnx) и оптимизированный квантованный (понятия не имею как это перевести на русский) граф (model-quantized.onnx).Ура! Вот мы и получили наши оптимизированные модели. Что же нам теперь с ними делать?ПайплайнТе кто пользовался пайплайнами оригинальных трансформеров, понимают, какие они удобные и приятные. Поэтому...Представляю вашему вниманю - Optimum Transformers!pip install optimum-transformersЭто комбинация восхитительных пайплайнов и скорости!from optimum_transformers import pipeline

pipe = pipeline(""text-classification"", use_onnx=True, optimize=True)
pipe(""This restaurant is awesome"")
# [{'label': 'POSITIVE', 'score': 0.9998743534088135}]3 строчки кода!use_onnx - преобразует модель по умолчанию в ONNX графoptimize - оптимизирует преобразованный ONNX граф в оптимальныйBenchmarkИ вот то, ради чего мы все тут собрались!Примечание: Эти результаты были собраны на моем локальном компьютере. Поэтому, если у вас есть высокопроизводительная машина для тестирования, пожалуйста, свяжитесь со мной.А теперь самое интересное, что это почти такой же результат и как на презентации Infinity. У них результат на NVIDIA T4 на 128 токенов был 2.6 ms. Понятно, что у меня нет таких ресурсов. Но наш результат показывает то, что мы используем такие же технологии как и они! А занчит и результат будет соответствовать.Вот еще нексколько графиков:ЗаключениеОсновываясь на результатах бенчмарка, можно сделать вывод, что мы на верном пути и используем такие же технологии что и в Infinity. А значит с уверенностью можем сказать, что мы с вами сэкономили 20.000$ в год. С чем я вас и поздравляю!Если вы дочитали до самого конца, то попрошу вас оставить комментарий под статьей и поставить звезду на репозиторий: ссылка на Github.",,
,28 февраля в 12:38,8,"На Хабр Карьере запустилась карьерная неделя — это что-то вроде дня открытых дверей, который длится всю неделю. В этот раз в битве за сердца фронтендеров сошлись пять компаний: ALM Works, Simbirsoft, РТ Лабс, Альфа Банк  и Иннотех сняли короткие видеопитчи о своих лучших работодательских качествах и выложили свои самые горящие фронтенд-вакансии. Схема классическая: смотрите питчи на pitch.habr.com, отдавайте свой голос за лучший кнопкой «Хочу у вас работать» и откликайтесь на вакансии с кодовой фразой (она придет в письме после регистрации), которая гарантирует быструю обратную связь.В конце недели мы проведем круглый стол — встречаемся в пятницу 4 марта в 17:00, чтобы поближе познакомиться с ребятами из компаний и подвести итоги. Также не забывайте оставлять свои вопросы на pitch.habr.com про карьеру, технологии, скиллы фронтендеров — мы зададим их на круглом столе. А если не успеем всё обсудить, то обязательно опубликуем пост с ответами в нашей рубрике «Собеседование наоборот» (вот такой, например).А еще в честь Недели Фронтенда мы собрали для вас лучшие материалы с Хабра за последние несколько лет:Как мы распилили монолит. Часть 1Адаптация Android-приложения для незрячихКажется, мы стали забывать основы фронтенда«Пап, ты уже старый для этого»: как я в 40 лет ушёл из редакторов во фронтенд-разработчикиПрофессия: фронтенд-разработчик                                                           ———————————————ALM WorksSimbirsoftРТ Лабс Альфа Банк Иннотех",,
,19 марта в 19:19,1,"Многие из нас ежедневно пользуются поисковыми системами, голосовыми помощниками и переводчиками текстов. Появление этих технологий стало возможным благодаря компьютерной лингвистике — области искусственного интеллекта, которая занимается описанием естественных языков при помощи математических моделей. Рассказываем, что такое компьютерная лингвистика и обработка естественного языка, какие задачи они решают и как помогают расширять возможности людей с инвалидностью. Благодарим Елену Герасимову, руководителя отдела дополнительного профессионального образования в Нетологии, ранее руководившую направлением «Аналитика и Data Science», за помощь в подготовке материала.Елена ГерасимоваРуководитель отдела дополнительного профессионального образования в НетологииНаши предки изобрели естественный язык много тысяч лет назад для нужд эволюционирующего общества. Современные естественные языки развиваются по своим законам: в каждую эпоху они служат адекватным средством человеческого общения, выражения чувств, мыслей и действий. Структура и использование естественного языка основаны на предположении, что участники разговора имеют схожий опыт и знания, а также мировоззрение и манеру поведения. Большим вызовом оказалось применение неограниченного языка для обмена информацией с существом совершенно другой природы ― компьютером. За последние 200 лет человечество успешно автоматизировало многие задачи с помощью механических и электрических устройств, которые продолжают служить обществу в повседневной жизни. Во второй половине XX века внимание людей переключилось на автоматизацию обработки естественного языка (Natural Language Processing, NLP). С тех пор устройства выполняют не только механические функции, но и интеллектуальные. У машин появилась новая задача: прочитать текст, проверить его на правильность, выполнить прописанные инструкции или дать разумный ответ, основанный на значении этого текста. За собой люди оставили лишь принятие окончательных решений. В стремлении заполнить пробел между человеческим общением и компьютерным пониманием NLP опирается на многие дисциплины, в том числе на компьютерную лингвистику (Computational Linguistics, CL). Рассмотрим, что такое компьютерная лингвистика, какие задачи она решает и как помогает людям с ограниченными возможностями здоровья.Компьютерная лингвистика решает задачи, связанные с обработкой естественного языка Компьютерная лингвистика — это область знаний, которая занимается компьютерным моделированием владения естественным языком и решением прикладных задач автоматической обработки текстов и речи.История компьютерной лингвистики начинается в 1950-х годах с исследований известного американского лингвиста, публициста и философа Ноама Хомского по формализации структуры естественного языка, а также с пробных экспериментов по машинному переводу и первых ИИ-программ понимания естественного языка. Можно сказать, что компьютерная лингвистика зародилась в январе 1954 года, когда в Джорджтаунском университете (США) был проведён первый в мире публичный эксперимент по машинному переводу. Инженерам удалось перевести более 60 предложений с русского языка на английский в полностью автоматическом режиме.В конце 1980-х годов с развитием интернета объём доступных в электронном виде текстов резко увеличился, что привело к качественному скачку в технологиях информационного поиска. Возникли совершенно новые задачи для обработки текстов на естественном языке. Тогда же были созданы первые алгоритмы машинного обучения и системы статистического машинного перевода.Прорыв в области обработки языка пришёлся на 2010-е годы, когда стали развиваться алгоритмы глубокого обучения. С тех пор появилось и продолжает появляться множество разработок для решения задач компьютерной лингвистики.Сегодня компьютерные лингвисты разрабатывают программы для обработки естественного языка, инструменты распознавания текста и устной речи, системы перевода, текстовые редакторы, учебные материалы по языку, голосовых помощников, умных чатботов и многое другое. Компьютерная лингвистика как инструмент извлечения нужной информации из огромного объёма текстаНеобходимость интеллектуальной автоматической обработки текста возникает в основном по двум причинам, обе из которых связаны с количеством производимых текстов. Миллионы людей, которые работают с текстами во всём мире, не имеют достаточно знаний и образования для соответствия современным стандартам обработки документов. Например, секретарь в офисе не может каждый раз принимать во внимание сотни различных правил, необходимых для написания хорошего делового письма в другую компанию, особенно когда он пишет не на своём родном языке. Поэтому дешевле один раз научить машину делать эту работу, чем многократно учить каждое новое поколение пользователей компьютеров делать это самостоятельно.Во многих случаях, чтобы принять обоснованное решение или найти информацию, нужно прочитать, понять и взять в расчёт огромное количество текстов. Чтобы найти в интернете информацию об ожидаемом спросе на конкретный продукт в следующем месяце, специалистам пришлось бы читать тексты по этой теме в течение ста лет. В таких ситуациях использование компьютера — единственный возможный способ выполнить задачу.Поскольку объектом обработки компьютерной лингвистики выступают тексты на естественном языке, её развитие невозможно представить без базовых знаний в области общей лингвистики. Лингвистика — наука о естественном человеческом языке, его структуре и функционированииВ составе лингвистики выделяют несколько разделов: Фонология и графика изучают воспринимаемую слухом или зрением сторону языковых знаков, а семантика — напротив, их смысловую, понимаемую и переводимую часть.Морфология занимается внутренней структурой и внешней формой слов речи, включая части речи и их категории.Синтаксис изучает структуру предложений, правила сочетаемости и порядка следования слов в предложении, а также общие его свойства как единицы языка.Прагматика изучает отношения знаков к субъектам, которые их производят и интерпретируют.Эти разделы соответствуют этапам автоматического анализа текста, который заключается в извлечении грамматической и семантической информации из заданного текста на естественном языке. К шести годам ребёнок достигает того уровня развития в познании языка, который полностью охватывает первые три ступени и частично — четвёртую и пятую. ИИ и машинное обучение пока наиболее предсказуемо продуктивны на четвёртом, синтаксическом уровне, в то время как ожидания пользователей находятся на уровне прагматикиКомпьютерная лингвистика образовалась на стыке лингвистики, математики, информатики и искусственного интеллекта. Здесь видно, как на пересечении различных дисциплин образуются новые направления. Например, психолингвистика возникла на стыке психологии и лингвистикиОднако наиболее тесно наука связана с областью ИИ, в рамках которой разрабатываются программные модели отдельных интеллектуальных функций.Синтез речи и генерирование текста — ключевые задачи компьютерной лингвистикиПеред компьютерной лингвистикой стоят задачи лингвистического обеспечения процессов сбора, накопления, обработки и поиска информации. Самые важные из них:Распознавание и синтез речи.Генерирование текста.Автоматический перевод текстов.Создание и использование электронных корпусов текстов.Извлечение информации из текста.Автореферирование.Автоматическое обнаружение и исправление ошибок при вводе текста на компьютере.Создание вопросно-ответных систем.Создание электронных словарей, тезаурусов, онтологий.NLU и NLG: подходы для решения задач компьютерной лингвистикиПеред NLP стоит две крупные задачи — генерация естественного языка (Natural Language Generation, NLG) и его понимание (Natural Language Understanding, NLU). Генерация языка — функция, которая помогает создавать, например, короткие фрагменты текста для чатботов или настраиваемое содержимое для приложений. NLG можно сравнить с процессом, который используют люди, когда они превращают идеи в письмо или речь. Понимание естественного языка позволяет получать команды и запросы от человека в удобной для него форме, а также сортировать информацию, выделять главное, проводить анализ содержания текста и его эмоциональной окраски. Речевые приложения и системы обмена изображениями: как Data Science помогает людям с вербальными и когнитивными нарушениямиУстройства, которые доступны на рынке Коммуникационные системы обмена изображениями, которые позволяют общаться, передавая собеседникам физические карточки.Устройства с записью речи, а также специальное оборудование для создания синтезированного голоса и озвученных букв, слов и сообщений.Речевые приложения для электронных планшетов, которые работают на различных интеллектуальных устройствах: планшетах, умных часах и портативных игровых консолях.Более узкое применение технологийСоздание корпусов для малоизученных и узко представленных малых языков. Технология преобразования текста в речь и API хорошо работают для популярных языков. Продукты с голосовой функцией могут создаваться без необходимости преобразования текста в речь — в этом случае используются коммуникационные планшеты.Корпуса малых языков должны быть доступны в формате TEI в соответствии со стандартом ISO для разговорной речи.Возрождение или обучение исчезающим языкам — помощь людям, которые не говорят на языке: исследователям, историкам, медицинскому персоналу и путешественникам.Адаптивные технологии расширяют возможности людей с инвалидностьюКомпьютерная лингвистика — основа адаптивных технологий, которые создаются для помощи людям с ограниченными возможностями здоровья.По данным Всемирной организации здравоохранения, проблема инвалидности затрагивает более 1 млрд человек — примерно 15% населения мира. Количество жителей нашей планеты с ограниченными возможностями неуклонно растёт из-за хронических заболеваний и демографического старения населения.Согласно конвенции ООН, к людям с инвалидностью относятся лица с устойчивыми физическими, психическими, интеллектуальными или сенсорными нарушениями, которые при взаимодействии человека с различными барьерами мешают его полному и эффективному участию в жизни общества наравне с другими.Разработки в области компьютерного анализа и обработки естественного языка призваны облегчить жизнь этой категории населения. Особенно это касается тех, у кого имеются физические, когнитивные и сенсорные нарушения. Новые адаптивные технологии значительно расширяют возможности людей с инвалидностью и предоставляют им большую автономию — на работе, на улице и дома.Компьютерная лингвистика облегчает коммуникацию людям с ограничениями слуха, зрения и речиГлухота и нарушение слуха — самая распространённая в мире форма так называемой сенсорной инвалидности. Сегодня потерей слуха страдает более 5% населения планеты, или 430 млн человек, и к 2050 году, согласно прогнозу ВОЗ, это число увеличится вдвое. Проблемы со слухом могут быть вызваны генетическими причинами, осложнениями при рождении, некоторыми инфекционными заболеваниями, хроническими ушными инфекциями, применением определённых лекарств, чрезмерным шумом и старением.Если говорить о других нарушениях сенсорных функций, таких как слепота и потеря речи, то они также довольно широко распространены среди населения. В связи с этим появляется всё больше технологий, призванных облегчить коммуникацию людям, страдающим дисфункцией сенсорных систем. Среди них самые распространённые – сервисы распознавания и синтеза речи, при создании которых используются методы компьютерной лингвистики. Какие задачи решает компьютерная лингвистика для помощи людям с ограниченными способностямиСинтез и распознавание речи при физических или когнитивных нарушениях.Преобразование речи для улучшения разборчивости.Речевые и языковые технологии для повседневного проживания с уходом и создания среды ограниченно зависимого проживания.Новые подходы к моделированию и машинному обучению для ассистивной альтернативной коммуникации.Персонализированные голоса для ассистивной коммуникации и синтеза речи на основе ограниченных данных.Мультимодальные пользовательские интерфейсы и диалоговые системы, адаптированные к вспомогательным технологиям.NLP для приложений когнитивной помощи.Представление графической информации для людей с нарушениями зрения.Речь и NLP применительно к интерфейсным приложениям. Интерфейсы мозг-компьютер для приложений обработки языков.Речевые, естественные и мультимодальные интерфейсы для вспомогательных технологий. Веб-доступность, упрощение текста, адаптированные режимы представления, такие как речь или спецсимволы.Развёртывание инструментов речи и NLP в клиниках.Лингвистические ресурсы, схемы корпусов и аннотаций.Рост рынка NLP сдерживается несколькими факторами, среди которых:наличие разрыва в части восприятия, понимания и распознавания текстовой информации между человеком и машиной;дефицит кадров и программ подготовки исследователей в области обработки естественных языков;сложность машинной обработки и понимания контекста и смысла текстов. Одним из вызовов в сегменте NLP также остаётся создание универсальных языковых моделей и архитектур, которые будут решать различные задачи работы с текстом при помощи одной системы. Другими словами, эта система будет понимать текстовую информацию и сможет взаимодействовать с человеком так, как это делал бы другой человек. Очки для незрячих и гайд по цифровой доступности: разработки, которые уже помогают людям с ограниченными возможностями Eyegaze Edge Американская компания LC Technologies изобрела устройство, которое даёт людям возможность управлять компьютером одними глазами. Eyegaze Edge помогает пользователям с церебральным параличом, мышечной дистрофией, синдромом Ретта и другими обездвиживающими нарушениями писать сообщения, генерировать речь и пользоваться интернетом.Проект Euphonia от GoogleEuphonia — исследовательская инициатива по сбору и анализу образцов голоса людей с нарушением речи. В рамках проекта корпорация планирует создать систему машинного обучения, распознающую речь, а также индивидуальные технологии воспроизведения голоса. Проект Live Relay от Google Ещё одна инициатива Google призвана помочь глухим или слабослышащим людям. Во время телефонного разговора программа преобразует речь собеседника в текст и говорит от имени пользователя, пока тот набирает сообщение. Для применения инструмента не требуется подключение к интернету.Voice vision При помощи очков Voice vision любой незрячий человек может воспринимать пространство через звук. Разработка дополняет традиционные методы вроде белой трости, ультразвуковых фонариков и глазных имплантов, чтобы человек мог свободно перемещаться по городу, быть активным и самостоятельным членом общества.Cognixion OneКалифорнийский стартап Cognixion разрабатывает гарнитуру дополненной реальности для людей с нарушением речи. Устройство будет обладать нейронным интерфейсом и сможет считывать мысли, после чего воспроизводить их в виде понятной речи.Livox Разработка Livox — коммуникационное приложение на основе пиктограмм, которое помогает людям с широким спектром визуальных и двигательных нарушений участвовать в разговоре. С помощью классификатора на основе машинного обучения и NLP сервис определяет конкретные вопросы и предлагает пользователям наиболее актуальные пиктограммы. Разработки Лаборатории «Сенсор-Тех»«Альберт» — приложение альтернативной коммуникации. Это универсальный конструктор коммуникативных досок, словарей, расписаний, игр и упражнений для развития речевых, когнитивных и поведенческих навыков. «Робин» — интеллектуальное устройство, которое помогает незрячим людям ориентироваться в пространстве. Оно помогает определять препятствия, рассчитывать расстояние до объектов и распознавать лица людей. «Чарли» — устройство, которое переводит устную речь в текст и выводит её на экран смартфона, планшета или телевизора, а также на Брайлевский дисплей. Технология создана для независимого диалога между людьми с нарушениями слуха, слепоглухими и людьми без ограничений здоровья.LINKaПроект LINKa — это бесплатные программы, которые помогают людям с нарушениями речи и опорно-двигательной системы общаться с миром. Автор проекта — программист-самоучка Иван Бакаидов — сам с детства страдает церебральным параличом. Создавать коммуникативные программы ему помогает команда волонтёров. Среди последних разработок Ивана — программа «LINKa. смотри», которая позволяет выбирать карточки из таблицы на мониторе при помощи разных средств ввода: клавиатуры, мышки, джойстика или айтрекера Tobii. Также программист создал бот Whatsaidhere для ВКонтакте, который переводит голосовые сообщения в текст.Онлайн-переводчик с языка жестов от сибирских учёныхУчёные Новосибирского государственного технического университета НЭТИ завершают разработку системы, которая с помощью камер и нейронных сетей узнаёт жесты глухонемых и переводит их в текст или голос. Исследователи планируют обучить систему переводить сообщения как с жестового языка, так и на него, чтобы ей свободно могли пользоваться глухие и слабослышащие люди.Источник: НЭТИИсточник: НЭТИИсточник: НЭТИ​​Решения для неслышащих и незрячих людей у сервисов таксиСпециальные возможности для людей с нарушением слуха и зрения можно найти у крупных агрегаторов такси. Яндекс.Такси, к примеру, добавил для неслышащих и слабослышащих водителей сурдоперевод и субтитры в обучающие видео, а также адаптировал приложение для незрячих пользователей.Uber внедрил в своё приложение ряд функций для таксистов, имеющих проблемы со слухом, вроде визуального оповещения о новых заказах и запроса пункта назначения пользователя. В сервисе также есть опции, которые помогают людям с особыми потребностями пользоваться услугами без посторонней помощи.Руководство по цифровой доступности СбербанкаУ Сбербанка есть гайдлайн по адаптации цифровой среды для инклюзивных пользователей, включая людей с нарушениями слуха, зрения, моторики и сложностями в восприятии информации. Его подготовила Валерия Курмак — специалист по практике Human Experience. В 2016 году она провела одно из самых больших исследований по инвалидности в России, результаты которого и легли в основу гайда. Ландшафт компаний компьютерной лингвистики в РоссииВ центре отображены корпорации, которые активны во всех представленных областях. Источник: Альманах «Искусственный интеллект» от МФТИДенис КулешовРуководитель Лаборатории «Сенсор-Тех», преподаватель в МГТУ им. Н. Э. Баумана Каждый человек, будь то программист, учёный или ремесленник, хочет чувствовать себя полезным. Специалистов, которые придерживаются такой позиции, довольно много, в том числе в области ИТ и социальных инноваций. Эти люди улучшают сервисы доставки и обслуживания в банке, создают адаптивные технологии и в принципе помогают жить той жизнью, какой хотелось бы жить. Их мотивация — эмоции и удовольствие от проделанной работы. Такие люди стремятся менять мир и жизнь к лучшему. Большие корпорации соревнуются в улучшении алгоритма на сотые доли процента, их разработки и проекты очень масштабны. А в случае с социальным направлением задачи более локальные и прикладные, но их результат виден сразу. Из неприятных вещей — в социальных стартапах нет бюджетов. Эмоциональная вовлечённость является конкурирующим фактором. Крупные игроки предлагают очень хорошие условия, поэтому многие кандидаты предпочитают работать в таких компаниях. Это затрудняет поиск команды. Кроме того, в социальных стартапах зарплата обычно меньше на 30–40%, а искать замену таким специалистам сложно.Рассмотрим два ключевых принципа инклюзивности. При создании пространств и услуг все страны должны руководствоваться принципами универсального дизайна — всё должно быть одинаково доступным для каждого. Однако природа создала всех разными и придерживаться этого принципа во всём невозможно. Например, при открытии магазина одежды едва ли получится сделать подходящие для всех проходы, ценники и силуэты. Принцип возможной адаптации или приспособления. Согласно общественному мнению, если у человека есть потребность, то он должен её закрыть. Но не так всё просто: принцип заботы должен поддерживаться, но вряд ли стоит рассчитывать на то, что только принятие закона поможет решить все вопросы.Кто такой компьютерный лингвист, чем занимается и как им статьПо прогнозам компании MarketsandMarkets, мировой рынок обработки естественного языка (NLP) к 2026 году увеличится до 35,1 млрд долларов с ожидаемым среднегодовым темпом роста в 20,3%. О том, что такое компьютерная лингвистика и NLP, мы рассказывали здесь. В этой статье поговорим о компьютерном лингвисте — специалисте, который разрабатывает программы по обработке языков и текстов. Чем занимается, какими навыками и знаниями должен обладать, как им стать.Какие задачи решает компьютерный лингвистКомпьютерный, или цифровой лингвист — это специалист, который разрабатывает алгоритмы и программы, способные воспроизводить когнитивную языковую деятельность человека: умение читать, понимать на слух, говорить, участвовать в диалоге и переводить с одного языка на другой.Что делает компьютерный лингвист: разрабатывает алгоритмы и методы машин­ного перевода;программирует системы извлечения и поиска информации, распознавания речи и других продуктов;работает с генераторами текстов; объединяет похожие тексты в группы;разрабатывает вопросно-ответные системы;создаёт программы, которые облегчают коммуникацию людям с ограниченными возможно­стями.Помимо этого, цифровой лингвист анализирует, насколько хорошо работают программы по автоматической обработке текста: системы проверки правописания, машинные переводчики или измерители сходства текстов.Компьютерные лингвисты пользуются спросом среди крупных ИТ-компаний, связанных с обработкой больших объёмов текстовых и речевых данных. Эти специалисты могут работать везде, где требуется применение современных технологий к лингвистическим данным: в финансах, торговле, науке, медиа и здравоохранении. Какими качествами и навыками должен обладать компьютерный лингвистСпециалист по компьютерной лингвистике сочетает в себе знания языковеда и программиста, поэтому в нём объединяются профессиональные качества, характерные для этих двух, казалось бы, несовместимых специальностей.Для работы с компьютером и базами данных цифровой лингвист должен обладать математическими и аналитическими способностями, а также уметь обрабатывать большие потоки информации. Чтобы алгоритмы и нейросети запоминали корректные сведения, от специалиста требуется знание достоверных источников информации для анализа и высокий уровень грамотности для их верной разметки и трактовки. Компьютерные и естественные языки относятся к знаковым системам. Поэтому компьютерному лингвисту важно уметь одинаково хорошо обращаться с обеими системами и находить в них точки соприкосновения. Желательно знать иностранные языки, а также языки программирования и технологии машинного обучения и ИИ, необходимые для работы: Python и его многочисленные библиотеки и фреймворки, R, специализированные языки Lisp и Prolog, эмбеддинги, нейросети, разметка данных и многое другое. Цифровые лингвисты часто находятся в связке с разработчиками и дата-сайентистами, которые работают с размеченными данными. Поэтому важно не просто обрабатывать данные, но и формировать методологию, объяснять её принципы коллегам. Для этого пригодятся навыки межотраслевой коммуникации.Лингвистический аспект профессии компьютерного лингвиста требует наличие таких качеств, как образное мышление, хорошая память, внимательность, усидчивость и терпение. Кроме того, специалист должен уметь ясно формулировать мысли и долго концентрироваться на одной задаче. Сколько зарабатывают компьютерные лингвистыРазмер зарплаты цифрового лингвиста зависит от его опыта и компетенций, а также стремления к постоянному развитию и статуса компании, в которой он работает. Некоторые работодатели готовы взять новичка без опыта, но с хорошей теоретической подготовкой. В среднем компании ищут специалистов с опытом работы от года. На момент написания статьи на hh.ru компьютерному лингвисту или специалисту по обработке естественного языка предлагали оклад от 95 тыс. рублей. В США, согласно данным Glassdoor, средний уровень зарплат начинающего компьютерного лингвиста составляет около 92 тыс. долларов в год. Специалист высокого профиля может зарабатывать до 170 тыс. долларов в год. По подсчётам аналитической компании Payscale, в среднем компьютерные лингвисты зарабатывают 80,3 тысячи долларов в год. Как стать компьютерным лингвистомПознакомиться с компьютерной лингвистикой и NLP помогут научно-популярные издания и фильмы. Например, книга «Языкознание от Аристотеля до компьютерной лингвистики» Владимира Алпатова объясняет, чем занимаются лингвисты, что их интересует и как они пишут компьютерные программы. А фильм «Прибытие» (2016) – экранизация «Истории твоей жизни» Теда Чана — рассказывает о том, как трудно, но увлекательно разгадывать язык пришельцев при помощи математики.Компьютерная лингвистика — сложное направление для самостоятельного изучения, но для получения определённой базы можно пройти курсы или изучить профессиональную литературу. Учебные программыСпециализированные курсы по машинному обучению, ИИ и NLP, которые предлагают различные образовательные платформы. Например, курс по обработке естественного языка от Coursera или курс «Data Scientist» от Нетологии. Курсы-практикумы на базе компаний: Huawei, NVidia, Google и Microsoft.Книги «The Oxford Handbook of Computational Linguistics», Руслан Митков — тридцать восемь глав, описывающих основные концепции, методы и приложения компьютерной лингвистики.«Speech and Language Processing: An Introduction to Natural Language Processing, Computational Linguistics, and Speech Recognition», Дэниел Журафски — первый в своём роде текст, который подробно освещает языковые технологии.«Natural Language Processing with Python», Стивен Бёрд, Эдуард Лопер и Юэн Кляйн — доступное введение в обработку естественного языка. Фундаментальное образование в области компьютерной лингвистикиБакалавриат по специальности «Фундаментальная и прикладная лингвистика», которая есть во многих российских вузах. Магистратура «Компьютерная (цифровая) лингвистика» — например, в РГГУ, МФТИ, СПбГУ, МГЛУ. Программы профессиональной переподготовки, которые можно пройти после получения высшего образования, — есть в заочной и дистанционной форме, например, в НИУ ВШЭ.РезюмируемЧтобы стать компьютерным лингвистом, нужно иметь способности и к математике, и аналитике, и к формализации языка. Для работы в этой профессии важно обладать безупречной грамотностью, склонностью к алгоритмизации и программированию, умением работать с большими данными, а также хорошей памятью и способностью мыслить логически. Компьютерная лингвистика — интересная низкоконкурентная область с неисчерпаемыми возможностями развития. Одни люди приходят в профессию ради создания алгоритмов распознавания текста и речи, систем перевода и голосовых помощников, вторые — чтобы разрабатывать инструменты для решения коммерчески важных задач, связанных с обработкой естественных языков, третьи — для помощи людям с ограниченными способностями. Те, кто идут по третьему пути, как правило, заинтересованы в том, чтобы выявлять предубеждения в алгоритмах и ИИ в отношении малоизученных групп пользователей адаптивных технологий. Они стремятся усилить рынок труда и оздоровить экономику, создавая рабочие места и помогая преодолевать дискриминацию вокруг людей с ограниченными возможностями здоровья.",,
,11 января в 19:31,14,"Пермская компания «Промобот» представила второй инженерный вариант человекоподобного робота Robo-C-2 с подвижными лицом, головой, шеей и руками, которые помогают устройству взаимодействовать с аудиторией и жестикулировать. Робот может двигать глазами, бровями и губами, а также поддержать разговор. 

Производитель пояснил, что приобрести робота модели Robo-C-2 с практически любой внешностью по желанию можно по цене от 2,8 млн рублей.

Представитель «Промобот» пояснил, что робот Robo-C-2 оснащен новыми сервоприводами, широким диапазоном регулирования микромимики, гиперреалистичными силиконовой кожей и глазами. Используемые для его работы алгоритмы и технологии «Промобот» позволяют Robo-C-2 воспроизводить свыше 600 вариантов микромимики человека, максимально реалистично имитируя эмоции для окружающих.

Мимика Robo-C-2.

Производитель уточнил, что руки робота Robo-C-2 способны выдержать нагрузку до одного килограмма. Например, он может что-то взять в руку, указать направление или даже пожать руку собеседнику. Робот может работать в режимах базовой жестикуляции, двигать конечностями по команде извне или по команде инженера.

Новая версия Robo-C-2 пока без ног (они в разработке, причем сразу на основе системы динамической стабилизации), но может немного поворачиваться вокруг своей оси и выполнять поклоны и другие телодвижения

В августе 2021 года «Промобот» представила первый вариант человекоподобного робота Robo-C, который может двигать мышцами лица, поддерживать разговор и отвечать на вопросы.

Компания «Промобот» основана в 2015 году в Перми. Ее роботы трудятся в 43 странах мира в качестве администраторов, промоутеров, консультантов, гидов и консьержей, заменяя или дополняя обычных сотрудников. Сейчас роботов от «Промобот» можно встретить в Сбербанке, Московском метро, Музее современной истории России, МФЦ, аэропорту Балтимор-Вашингтон и Дубай-Молле. Недавно появились версии роботов «Промобот» для проверки QR-кодов граждан,",,
,11 февраля в 09:38,1,"В прошлой статье, рассказывая про GPT-J-6B, я упоминал, что современные алгоритмы обработки естественного языка вызывают немалый ажиотаж даже среди людей, мало слышащих про машинное обучение. И вот, не успел ещё стихнуть шум обсуждений про возможности GPT-3 от OpenAI, как в начале 2021-го года нам показали ещё одну работу их команды в области ИИ, которую назвали в честь Сальвадора Дали и робота ВАЛЛ·И – DALL-E.           Архитектурно DALL-E это версия GPT-3, к которой был добавлен хитрый способ токенизации изображений, позволяющий создавать мультимодальный словарь, в котором часть токенов отвечает за текст, а вторая часть за изображение.           Что означает мультимодальность? Это модальность в разных сочетаниях, таких как: видео и текст, аудио и текст. Таким образом, вы можете представить это себе как классическую задачу для компьютера в сфере искусственного интеллекта, который может обрабатывать происходящее на изображении, интерпретировать и описывать все происходящие события, учитывая фон, изменения положений вещей в пространстве и контекст происходящего.            После некоторого количества исследований, стало понятно, что DALL-E способна порождать широкий ассортимент генеративных изображений. Можно сказать, что охват и виральность мультимодального искусственного интеллекта потенциально широки и в первую очередь могут применяться в сферах, связанных с творчеством, дизайном и игровой индустрии. Поэтому наряду с большим успехом визуального представления текста, OpenAI опасаются, что такие модели могут сильно повлиять на социальную и экономическую системы. И, уже по сложившейся традиции, не стали выпускать DALL-E в открытый доступ.           Несмотря на это, они выпустили CLIP (Contrastive Image-Language Pretraining, что можно перевести как контрастное предварительное обучение образному языку), который в своём роде половина движка DALL-E.           CLIP – ещё одна мультимодальная сеть, способная оценить изображение и соотнести, подходит ли к ней подпись или наоборот. Таким образом, CLIP принимает текст и изображение и связывает их непроизвольным способом, что, в свою очередь, позволило применять иные модели, способные генерировать изображения вместе с ним, такие как VQGAN.            VQGAN (Vector Quantized Generative Adversarial Network), что переводится как векторная квантованная генеративная адверсариальная сеть - это генеративно-состязательная нейросеть, которую используют для изучения изображений и создания новых, на основе ранее увиденных. Работая вместе, VQGAN генерирует изображение, а CLIP выступает как ранжировщик, оценивая насколько хорошо изображение подходит тексту. Именно эту связку мы используем ниже для того, чтобы вы сами смогли создать результат их совместной работы, даже не обладая навыками программирования, но не стоит забывать и про ruDALL-E.           По аналогии с ruGPT-3, Сбер выпустил первую мультимодальную нейросеть ruDALL-E, основанную на архитектуре DALL-E, способную понимать русский язык, и сделал её открытой, а также создал сайт, на котором можно по любому запросу попробовать сгенерировать изображение (ссылку приложу в конце статьи).А пока вы можете полюбоваться моими результатами по запросам «Сбер в стиле Ван Гога» и «страшно красиво», кстати, обложка для статьи также создана ru-DALL-E по соответствующему запросу «обложка для статьи». Рис. 1           По словам управляющего директора департамента SberDevices Сергея Маркова несмотря на то, что в описании к DALL-E содержалась информация про архитектуру решения, pipeline, который использовался, но сведений все равно было недостаточно. Поэтому для создания своей версии модели требовалось пробовать и экспериментировать, отталкиваясь от полученных результатов. А самое большое количество сил было потрачено на сбор данных.            Вернёмся к связке VQGAN + CLIP. Сейчас будет описание, каким образом VQGAN генерирует изображения, которое в последствии оценивает CLIP. Если вас не очень интересует, что там под капотом VQGAN, то можете смело перейти к следующей части создания своего изображения.            Рассмотрим, как VQGAN в VQGAN-CLIP работает для генерации и синтеза изображений с высоким разрешением, которые мы видим сегодня Рис. 2  Основная схема сверточного VQGAN для изучения кодовой книги контекстно-насыщенных визуальных частей           Метод преобразования для синтеза изображений в высоком разрешении состоит из двух этапов.           На первом этапе (нижняя половина изображения) кодировщик и декодер обучаются восстанавливать изображения. Это базовый квантованный автоматический кодировщик плюс дискриминатор, который классифицирует образцы как настоящие или поддельные. Взаимодействие с ним улучшает реконструкцию, позволяя синтезировать убедительно поддельные образцы.           Имеется входное изображение, и мы хотим обучить такое скрытое пространство, которое закодировало бы всю семантическую информацию об этом изображении. Информацию, которую можно было бы использовать для восстановления изображения.           Используемый квантованный кодировщик, был предложен ранее в другой статье (VQ-VAE, van den OORD et al., 2018). Стоит уточнить, что векторное квантование - это метод обработки сигналов для кодирования векторов. Он представляет все визуальные части, обнаруженные на этапе свертки, в квантованной форме, что делает его менее затратным с точки зрения вычислений после передачи в трансформер. Рис. 3  Вычисление аргумента для каждой ячейки тензора. Шаг квантования для создания кодовой книги.           Основная идея здесь заключается в том, что для каждого в ячейке тензора мы находим ближайшего соседа слова в кодовой книге. После чего используем его вместо исходного вектора, поэтому в основном на этом этапе мы вычисляем аргумент для каждой ячейки в тензоре и заменяем его на кодовое слово, которое было получено из кодовой книги, и вместо того, чтобы использовать кодировщик только на полученных словах, мы также применяем его к кодовой книге.           Таким образом, VQGAN использует кодовую книгу как промежуточное представление, после чего кодовая книга изучается с использованием векторного квантования (VQ).           VQGAN делает векторы признаков похожими на присвоенные кодовые слова в кодовой книге, и в то же время кодовые слова также обучаются напоминать распределение векторов признаков в наборе данных.           Проблема здесь в том, что свёрточная природа кодировщика и декодера не позволяет им моделировать долгоиграющие взаимосвязи, потому что поле восприятия каждого свёрточного слоя ограничено, что обычно не позволяет моделировать и генерировать большие изображения. В то же время трансформер – это архитектура, которая позволяет моделировать такие взаимосвязи, но у него есть свои ограничения, он не может работать с действительно большими последовательностями, потому что для этого требуется вычислять взаимосвязь между каждой парой элементов этой последовательности, что требует больших вычислительных ресурсов из-за квадратичной масштабируемости.             Создатели предлагают, моделировать изображение не на уровне пикселей напрямую, а на основе кодовых слов изученной кодовой книги. То есть после того, как модель первого этапа узнала, что у нас есть кодовая книга, и мы можем использовать её, чтобы обучить трансформер для генерации последовательности этих кодовых слов.Рис. 4 Обучение трансформера посредством предсказания следующего            Таким образом, у нас есть закодированная последовательность с индексами s<i , которая  может быть очень длинной, а трансформер прогнозирует распределение возможных следующих индексов p(si|s<i) .            Преимущество заключается в том, что разрешение, с которым мы работаем, намного ниже, чем разрешения исходного пиксельного изображения, поэтому мы можем моделировать более длинные взаимосвязи внутри изображений. Каждый блок последовательности соответствует местоположению, которое представляет собой сотни пикселей.Рис. 5  Соответствие кодового блока местоположению пикселей           Обучение этого трансформера является вторым этапом.  Мы не обновляем модель первого этапа, а генерируем последовательность кодовых слов, которая будет образовывать желаемое разрешение, а затем мы используем тензор кодовых слов и передадим его в декодер для создания нового изображения, в основном не ограниченного размером.           Чтобы повысить эффективность вычислительных ресурсов трансформера, авторы ограничивали контекст с помощью скользящего окна. Это означает, что при генерации каждого патча он получает информацию только от своих соседей.Рис. 6  VQGAN использует скользящее внимание           Что должно работать, когда изображение имеет некоторые однородные структуры, например, различные изображения пейзажей.           Делая выводы, мы можем сказать, что реализованный в VQGAN двухэтапный подход состоит из свёрточной нейронной сети в форме GAN, который состоит из кодировщика и декодера, и трансформера, использующего окно скользящего внимания при выборке изображений, и который требует использования кодовой книги, полученной с помощью векторного квантования для улучшения масштабирования. Кодовая книга же обучается вместе с двумя моделями.           Всё это демонстрирует нам возможность синтеза изображений с высоким разрешением, позволяя создавать в своём роде произведения искусства.           Для создания своего изображения, воспользуемся данным колабом и скажем спасибо за него Кэтрин Кроусон.           Google Colab - это бесплатный сервис, представляющий всё необходимое для машинного обучения, разделенный на множество отдельных ячеек.           Итак, для того, чтобы попробовать сгенерировать изображения, для начала нужно настроить, так называемый, блокнот. В правом верхнем углу блокнота (рис.1) вы увидите кнопку с надписью: ""Подключиться"", нажав на которую, вы сможете начать выполнение кода. Это так же потребует от вас войти в свой аккаунт Google.           Затем запустите первую ячейку (рис.7) (соглашение с лицензией MIT) и переходите сразу к четвертой (рис.8), так же запустив её, нажав на треугольник в кружке. Это установит все нужное для процесса генерации изображений. рис.7рис.8           Следующая ячейка (рис.9) позволяет вам выбрать одну из моделей VQGAN, что по своей сути влияет на то, какой набор данных использовался для обучения. Вы можете попробовать все и посмотреть, что даст для вас лучший результат. После чего смело запускайте следующую ячейку (рис.10) с загрузкой, ранее установленных в ячейке 4, библиотек.Рис.9Рис.10           Дальше идёт ячейка (рис.11), отвечающая за параметры изображения, именно эти параметры отвечают за изображение, которое мы хотим сделать. Приведём их краткое описание: Prompts: в это поле нужно вводить запрос, по которому вы желаете создать изображение (на английском языке);width: ширина генерируемого изображения в пикселях;height: высота сгенерированного изображения в пикселях;model: выбираем желаемую модель;display_frequency: VQGAN+CLIP берет исходное изображение и многократно повторяет его, пока оно не превратится в последовательное изображение. Частота отображения определяет, сколько раз машина выполнит повтор изображения, прежде чем показать его вам, т.е. указав число 15, вам будут демонстрироваться изображения, порядковый номер которых кратен пятнадцати;initial_image: вы можете задать изображение, с которого будет начат путь по генерации, указав путь до файла в вашем гугл-диске;target_images: вы можете задать изображение, к которому будет стремиться изображение, указав путь до файла в вашем гугл-диске;seed: Если вы не указываете начальное изображение, то этот параметр задаёт случайное изображение для старта, если выбрано “-1”, а при использовании любого целого положительного числа будет генерироваться одно и то же изображение, соответствующее этому числу;max_iterations: количество повторов, которое машина выполнит перед завершением процесса. Если указать “-1”, то процесс будет выполняться до тех пор, пока вы его не остановите. Рис. 11           Выполнив ячейку с параметрами, вы можете нажимать следящую ячейку (рис.12), которая непосредственно запустит работу алгоритма. Вам останется только дождаться генерации изображений, а затем собрать из них видеопредставление (рис. 13) и наслаждаться получившимся. Вы так же можете скачать его себе, используя данные две строчки кода:from google.colab import filesfiles.download(video_filename)Рис. 12Рис. 13           Напоследок напишу, что Кэтрин Кроусон не советует использовать очень большие разрешения для изображений, зачастую колабу не хватает памяти для реализации такого контента. А также, что вы можете придавать больший вес некоторым из своих заданных слов, добавив двоеточие, а затем число до 100, например: пустыня:50 | в снегу:25"", при условии, что вы задаёте множественный запрос. От себя добавлю, что проблемы начинали возникать при попытке сгенерировать изображения свыше 700 на 700.             Как видите, использовать подобные технологии становится всё проще, а их результат, не в единичных случаях, вызывает интерес.  Студия Артемия Лебедева уже в 20 году во всю использовала нейронную сеть под человеческим именем “Николай Иронов”, как автоматизацию творческого процесса с коммерческим потенциалом, а нашумевшая NFT-токенизация подстегнула рядовых пользователей к цифровому искусству, частью которого является генеративное искусство. Лично меня прельщает мысль о подобном выходе за рамки восприятия искусства человеком, когда грань между произведением и созерцателем практически стёрта, искусство приобретает новые инструменты, а инструменты порождают искусство. А вас? P.s. Полезные ссылки:Colab;ruDALL-E;Статья про VQGAN;Более подробное объяснение работы VQGAN.",,
,25 марта в 15:35,8,"Фонд содействия инновациям проводит приём заявок на конкурс «Студенческий стартап». Подать заявку можно до 10:00 (мск) 11 апреля. Гранты будут предоставляться учащимся российских вузов в рамках реализации федерального проекта «Платформа университетского технологического предпринимательства», разработанный Минобрнауки России и утвержденной Правительством Российской Федерации.

Тысяча студентов, чьи заявки будут признаны экспертным жюри лучшими, получат гранты в размере 1 млн рублей на реализацию стартапа.

На конкурс «Студенческий стартап» могут подать заявки учащиеся вузов по программам бакалавриата, специалитета, магистратуры или аспирантуры, которые готовы разработать новый продукт, изделие, технологию или услугу на основе собственных научно-технических и научно-технологических исследований, имеющих потенциал коммерциализации. 

Участникам конкурса «Студенческий стартап» предлагается любое направление:
• Цифровые технологии;
• Медицина и здоровье; 
• Новые материалы и химические технологии;
• Новые приборы и производственные технологии; 
биотехнологии;
• Ресурсосберегающая энергетика;
• Креативные индустрии.

«Центр АI Горький оказывает постоянную помощь всем заявителем, готовым выводить свои проекты на новый уровень: информируем по вопросам оформления проекта, поддерживаем на всех этапах формирования заявки. Конкурс – прекрасная возможность масштабировать проекты, направленные на развитие цифровых и интеллектуальных производственных технологий. Грант затрагивает перспективные направления, спрос на которые в связи с активным импортозамещением сегодня растет, поэтому так важно именно сейчас поддержать молодых разработчиков. Мы приглашаем нижегородских студентов принять участие в этом знаковом проекте и повлиять на развитие региональной и всероссийской инновационной промышленности», — отметил Евгений Федосеев, директор АНО «Центр искусственного интеллекта «Горький».

При экспертизе заявок главными критериями станут квалификация заявителя, его компетенции и достижения, а также технологичность идеи стартап-проекта.
Кроме того, особое внимание будет уделено заявкам студентов, которые являются участниками программы «Стартап как диплом», имеют опыт прохождения программ по предпринимательству или связанные с этим достижения, уже собрали свою команду или готовы предъявить MVP по завершении реализации проекта. 

Также преимущество получат те заявки, к которым прилагается подтверждение выполнения проекта для региона, образовательной организации или предприятия, заинтересованного в реализации проекта. 

Подать заявку и ознакомиться с подробной информацией можно на странице конкурса: fasie.ru/studstartup

Получить предварительные консультации по участию в конкурсных проектах Фонда содействия инновациям и помощь в оформлении заявки: 
Центр АI Горький – 8 (831) 414-05-52, info@gorky.ai
ВК: vk.com/gorky_ai
Telegram: t.me/gorky_ai",,
